,Method,Population Coverage,Number of Peptides
0,MHCI OptiVax-Unlinked,0.9660236112979911,19
1,MHCI HOGVAX,0.9458208799581866,114
2,MHCII OptiVax-Unlinked,0.9824151601089331,19
3,MHCII HOGVAX,0.9942225768510408,518
