,count,prob
0,0,0.0
1,1,0.00020255576255769878
2,2,0.027411885142501282
3,3,0.06449908633430962
4,4,0.16582164010285252
5,5,0.23644302657750377
6,6,0.2291970081736202
7,7,0.15895121716901736
8,8,0.06535014126005981
9,9,0.03121017413576232
10,10,0.01671387676629871
11,11,0.0036948692548380464
12,12,0.00047909031758776446
13,13,2.5429003142817705e-05
14,14,0.0
15,15,0.0
16,16,0.0
17,17,0.0
18,18,0.0
19,19,0.0
20,20,0.0
