,Method,Population Coverage,Number of Peptides
0,MHCI OptiVax-Unlinked,0.8801156847533053,19
1,MHCI HOGVAX,0.8880697526406931,149
2,MHCII OptiVax-Unlinked,0.9300214630615633,19
3,MHCII HOGVAX,0.9635200707398426,1180
