,Method,Population Coverage,Number of Peptides
0,MHCI OptiVax-Unlinked,0.9666857340308445,19
1,MHCI HOGVAX,0.9820975545275613,104
2,MHCII OptiVax-Unlinked,0.9834908363096779,19
3,MHCII HOGVAX,0.9938390508022868,747
